<?xml version="1.0" encoding="UTF-8"?>
<!-- The following list contains the mapping between the country code and the country name.  Whenever the schema changes to include new country then that country needs to be added here.  This file is used by the populatetemplate to show the full country name in the filer information block for the main tax forms.  -->

<countries>
  <country id="AF">Afghanistan</country>
  <country id="AX">Akrotiri</country>
  <country id="AL">Albania</country>
  <country id="AG">Algeria</country>
  <country id="AQ">American Samoa</country>
  <country id="AN">Andorra</country>
  <country id="AO">Angola</country>
  <country id="AV">Anguilla</country>
  <country id="AY">Antarctica</country>
  <country id="AC">Antigua and Barbuda</country>
  <country id="AR">Argentina</country>
  <country id="AM">Armenia</country>
  <country id="AA">Aruba</country>
  <country id="AT">Ashmore and Cartier Islands</country>
  <country id="AS">Australia</country>
  <country id="AU">Austria</country>
  <country id="AJ">Azerbaijan</country>
  <country id="BF">Bahamas</country>
  <country id="BA">Bahrain</country>
  <country id="FQ">Baker Island</country>
  <country id="BG">Bangladesh</country>
  <country id="BB">Barbados</country>
  <country id="BO">Belarus</country>
  <country id="BE">Belgium</country>
  <country id="BH">Belize</country>
  <country id="BN">Benin</country>
  <country id="BD">Bermuda</country>
  <country id="BT">Bhutan</country>
  <country id="BL">Bolivia</country>
  <country id="BK">Bosnia-Herzegovina</country>
  <country id="BC">Botswana</country>
  <country id="BV">Bouvet Island</country>
  <country id="BR">Brazil</country>
  <country id="IO">British Indian Ocean Territory</country>
  <country id="VI">British Virgin Islands</country>
  <country id="BX">Brunei</country>
  <country id="BU">Bulgaria</country>
  <country id="UV">Burkina Faso</country>
  <country id="BM">Burma</country>
  <country id="BY">Burundi</country>
  <country id="CB">Cambodia</country>
  <country id="CM">Cameroon</country>
  <country id="CA">Canada</country>
  <country id="CV">Cape Verde</country>
  <country id="CJ">Cayman Islands</country>
  <country id="CT">Central African Republic</country>
  <country id="CD">Chad</country>
  <country id="CI">Chile</country>
  <country id="CH">China</country>
  <country id="KT">Christmas Island</country>
  <country id="IP">Clipperton Island</country>
  <country id="CK">Cocos (Keeling) Islands</country>
  <country id="CO">Colombia</country>
  <country id="CN">Comoros</country>
  <country id="CF">Congo (Brazzaville)</country>
  <country id="CG">Congo (Kinshasa)</country>
  <country id="CW">Cook Islands</country>
  <country id="CR">Coral Sea Islands</country>
  <country id="CS">Costa Rica</country>
  <country id="IV">Cote D'Ivoire (Ivory Coast)</country>
  <country id="HR">Croatia</country>
  <country id="CU">Cuba</country>
  <country id="UC">Curacao</country>
  <country id="CY">Cyprus</country>
  <country id="EZ">Czech Republic</country>
  <country id="DA">Denmark</country>
  <country id="DX">Dhekelia</country>
  <country id="DJ">Djibouti</country>
  <country id="DO">Dominica</country>
  <country id="DR">Dominican Republic</country>
  <country id="TT">East Timor</country>
  <country id="EC">Ecuador</country>
  <country id="EG">Egypt</country>
  <country id="ES">El Salvador</country>
  <country id="EK">Equatorial Guinea</country>
  <country id="ER">Eritrea</country>
  <country id="EN">Estonia</country>
  <country id="ET">Ethiopia</country>
  <country id="FK">Falkland Islands (Islas Malvinas)</country>
  <country id="FO">Faroe Islands</country>
  <country id="FM">Federated States of Micronesia</country>
  <country id="FJ">Fiji</country>
  <country id="FI">Finland</country>
  <country id="FR">France</country>
  <country id="FP">French Polynesia</country>
  <country id="FS">French Southern and Antarctic Lands</country>
  <country id="GB">Gabon</country>
  <country id="GA">The Gambia</country>
  <country id="GG">Georgia</country>
  <country id="GM">Germany</country>
  <country id="GH">Ghana</country>
  <country id="GI">Gibraltar</country>
  <country id="GR">Greece</country>
  <country id="GL">Greenland</country>
  <country id="GJ">Grenada</country>
  <country id="VC">Grenadines</country>
  <country id="GP">Guadeloupe</country>
  <country id="GQ">Guam</country>
  <country id="GT">Guatemala</country>
  <country id="GK">Guernsey</country>
  <country id="GV">Guinea</country>
  <country id="PU">Guinea-Bissau</country>
  <country id="GY">Guyana</country>
  <country id="HA">Haiti</country>
  <country id="HM">Heard Island and McDonald Islands</country>
  <country id="VT">Holy See</country>
  <country id="HO">Honduras</country>
  <country id="HK">Hong Kong</country>
  <country id="HQ">Howland Island</country>
  <country id="HU">Hungary</country>
  <country id="IC">Iceland</country>
  <country id="IN">India</country>
  <country id="ID">Indonesia</country>
  <country id="IR">Iran</country>
  <country id="IZ">Iraq</country>
  <country id="EI">Ireland</country>
  <country id="IS">Israel</country>
  <country id="IT">Italy</country>
  <country id="JM">Jamaica</country>
  <country id="JN">Jan Mayen</country>
  <country id="JA">Japan</country>
  <country id="DQ">Jarvis Island</country>
  <country id="JE">Jersey</country>
  <country id="JQ">Johnston Atoll</country>
  <country id="JO">Jordan</country>
  <country id="KZ">Kazakhstan</country>
  <country id="KE">Kenya</country>
  <country id="KQ">Kingman Reef</country>
  <country id="KR">Kiribati</country>
  <country id="KN">Korea, Democratic People's Republic of (North)</country>
  <country id="KS">Korea, Republic of (South)</country>
  <country id="KV">Kosovo</country>
  <country id="KU">Kuwait</country>
  <country id="KG">Kyrgyzstan</country>
  <country id="LA">Laos</country>
  <country id="LG">Latvia</country>
  <country id="LE">Lebanon</country>
  <country id="LT">Lesotho</country>
  <country id="LI">Liberia</country>
  <country id="LY">Libya</country>
  <country id="LS">Liechtenstein</country>
  <country id="LH">Lithuania</country>
  <country id="LU">Luxembourg</country>
  <country id="MC">Macau</country>
  <country id="MK">Macedonia</country>
  <country id="MA">Madagascar</country>
  <country id="MI">Malawi</country>
  <country id="MY">Malaysia</country>
  <country id="MV">Maldives</country>
  <country id="ML">Mali</country>
  <country id="MT">Malta</country>
  <country id="IM">Man, Isle of</country>
  <country id="RM">Marshall Islands</country>
  <country id="MR">Mauritania</country>
  <country id="MP">Mauritius</country>
  <country id="MX">Mexico</country>
  <country id="MQ">Midway Islands</country>
  <country id="MD">Moldova</country>
  <country id="MN">Monaco</country>
  <country id="MG">Mongolia</country>
  <country id="MJ">Montenegro</country>
  <country id="MH">Montserrat</country>
  <country id="MO">Morocco</country>
  <country id="MZ">Mozambique</country>
  <country id="WA">Namibia</country>
  <country id="NR">Nauru</country>
  <country id="BQ">Navassa Island</country>
  <country id="NP">Nepal</country>
  <country id="NL">Netherlands</country>
  <country id="NC">New Caledonia</country>
  <country id="NZ">New Zealand</country>
  <country id="NU">Nicaragua</country>
  <country id="NG">Niger</country>
  <country id="NI">Nigeria</country>
  <country id="NE">Niue</country>
  <country id="NF">Norfolk Island</country>
  <country id="CQ">Northern Marianna Islands</country>
  <country id="NO">Norway</country>
  <country id="MU">Oman</country>
  <country id="OC">Other Country</country>
  <country id="PK">Pakistan</country>
  <country id="PS">Palau</country>
  <country id="LQ">Palmyra Atoll</country>
  <country id="PM">Panama</country>
  <country id="PP">Papua-New Guinea</country>
  <country id="PF">Paracel Islands</country>
  <country id="PA">Paraguay</country>
  <country id="PE">Peru</country>
  <country id="RP">Philippines</country>
  <country id="PC">Pitcairn Islands</country>
  <country id="PL">Poland</country>
  <country id="PO">Portugal</country>
  <country id="RQ">Puerto Rico</country>
  <country id="QA">Qatar</country>
  <country id="RO">Romania</country>
  <country id="RS">Russia</country>
  <country id="RW">Rwanda</country>
  <country id="TB">Saint Barthelemy</country>
  <country id="RN">Saint Martin</country>
  <country id="WS">Samoa</country>
  <country id="SM">San Marino</country>
  <country id="TP">Sao Tome and Principe</country>
  <country id="SA">Saudi Arabia</country>
  <country id="SG">Senegal</country>
  <country id="RI">Serbia</country>
  <country id="SE">Seychelles</country>
  <country id="SL">Sierra Leone</country>
  <country id="SN">Singapore</country>
  <country id="NN">Sint Maarten</country>
  <country id="LO">Slovakia</country>
  <country id="SI">Slovenia</country>
  <country id="BP">Solomon Islands</country>
  <country id="SO">Somalia</country>
  <country id="SF">South Africa</country>
  <country id="SX">South Georgia and the South Sandwich Islands</country>
  <country id="OD">South Sudan</country>
  <country id="SP">Spain</country>
  <country id="PG">Spratly Islands</country>
  <country id="CE">Sri Lanka</country>
  <country id="SH">St. Helena</country>
  <country id="SC">St. Kitts and Nevis</country>
  <country id="ST">St. Lucia Island</country>
  <country id="SB">St. Pierre and Miquelon</country>
  <country id="VC">St. Vincent and the Grenadines</country>
  <country id="SU">Sudan</country>
  <country id="NS">Suriname</country>
  <country id="SV">Svalbard</country>
  <country id="WZ">Swaziland</country>
  <country id="SW">Sweden</country>
  <country id="SZ">Switzerland</country>
  <country id="SY">Syria</country>
  <country id="TW">Taiwan</country>
  <country id="TI">Tajikistan</country>
  <country id="TZ">Tanzania</country>
  <country id="TH">Thailand</country>
  <country id="TO">Togo</country>
  <country id="TL">Tokelau</country>
  <country id="TN">Tonga</country>
  <country id="TD">Trinidad and Tobago</country>
  <country id="TS">Tunisia</country>
  <country id="TU">Turkey</country>
  <country id="TX">Turkmenistan</country>
  <country id="TK">Turks and Caicos Islands</country>
  <country id="TV">Tuvalu</country>
  <country id="UG">Uganda</country>
  <country id="UP">Ukraine</country>
  <country id="AE">United Arab Emirates</country>
  <country id="UK">United Kingdom (England, Northern Ireland, Scotland, and Wales)</country>
  <country id="UY">Uruguay</country>
  <country id="UZ">Uzbekistan</country>
  <country id="NH">Vanuatu</country>
  <country id="VE">Venezuela</country>
  <country id="VM">Vietnam</country>
  <country id="VQ">Virgin Islands</country>
  <country id="WQ">Wake Island</country>
  <country id="WF">Wallis and Futuna</country>
  <country id="WI">Western Sahara</country>
  <country id="YM">Yemen (Aden)</country>
  <country id="ZA">Zambia</country>
  <country id="ZI">Zimbabwe</country>
  <!-- Items below this line are obsolete or otherwise not present in the current (R9.6) efileTypes -->
  <country id="XI">Aland Island</country>
  <country id="XA">Ascension</country>
  <country id="XZ">Azores</country>
  <country id="BS">Bassas da India</country>
  <country id="XY">Canary Islands</country>
  <country id="XC">Channel Islands</country>
  <country id="VP">Corsica</country>  
  <country id="XE">England</country>
  <country id="EU">Europa Island</country>
  <country id="FG">French Guiana</country>
  <country id="GZ">Gaza Strip</country>
  <country id="GO">Glorioso Islands</country>
  <country id="JU">Juan de Nova Island</country>
  <country id="MB">Martinique</country>
  <country id="MF">Mayotte</country>
  <country id="XM">Myanmar</country>
  <country id="NT">Netherlands Antilles</country>
  <country id="XN">Northern Ireland</country>
  <country id="XX">Other Country (country not identified elsewhere)</country>
  <country id="RE">Reunion</country>
  <country id="XS">Scotland</country>
  <country id="RB">Serbia</country>
  <country id="XR">Slovak Republic</country>
  <country id="XT">Tristan Da Cunha</country>
  <country id="TE">Tromelin Island</country>
  <country id="UC">Unknown Country</country>
  <country id="XW">Wales</country>
  <country id="WE">West Bank</country>
  <country id="YI">Yugoslavia</country>
</countries>
