<?xml version="1.0" encoding="UTF-8"?>
<!-- edited with XML Spy v4.4 U (http://www.xmlspy.com) by Ken Dulabhan (Comteq Federal Inc) -->
<PrintMode>
	<!-- INSTRUCTIONS: Add the root element name of the schema for the landscape document in the following list. DO NOT add the value of the documentName attribute from the root element. -->
	<!-- Forms printed in landscape 11 x 8.5 -->
	<Landscape>
		<Document documentName="AddnlInfoGrossForeignDistriSch"/>
		<Document documentName="AddnlInfoGrossForeignDivSch"/>
		<Document documentName="AdjLTContractsSimplifiedSch"/>
		<Document documentName="AdjustmentLongTermContractsSch"/>
		<Document documentName="AltMinTxblIncmAdjSimplifiedSch"/>
		<Document documentName="AmortizationSchedule"/>
		<Document documentName="AmendedReturnChanges"/>
		<Document documentName="BackupWhSchedulesK1Statement"/>
		<Document documentName="BorrowedFundsElection"/>
		<Document documentName="Category3FilerStatement"/>
		<Document documentName="CFCAggregateEDBalanceStatement"/>
		<Document documentName="CharitableContriStatement"/>
		<Document documentName="CodeSectPropDeprecOrAmortzStmt"/>
		<Document documentName="CompensationSchedule"/>
		<Document documentName="ControlledEntitySchedule"/>
		<Document documentName="CostOfGoodsSoldSchedule"/>
		<Document documentName="CurrentYrAcqOrReorgCostSch"/>
		<Document documentName="DepreciationSchedule"/>
		<Document documentName="DiscountingUnpaidLossSchedule"/>
		<Document documentName="DisposOfPropWithSect179DedStmt"/>
		<Document documentName="DividendsDebtFinancedStockStmt"/>
		<Document documentName="EquityBasedCompensationSch"/>
		<Document documentName="EquityMethodOrMinorityIntSch"/>
		<Document documentName="ExpenditureResponsibilityStmt"/>
		<Document documentName="ForeignTaxSchedule"/>
		<Document documentName="FuncCurAndExchangeRateQBUStmt"/>
		<Document documentName="GainLossSaleNonpublicSecSch"/>
		<Document documentName="GainLossSaleOtherAssetsSch"/>
		<Document documentName="GeneralDependency"/>
		<Document documentName="GrossForeignDivOrDistriSch"/>
		<Document documentName="GrossForeignDivNotPrevTaxedSch"/>
		<Document documentName="GrossIncmSourcedAtPrtnrLvlSch"/>
		<Document documentName="IncmInclusionsOrGrossUpSectSch"/>
		<Document documentName="IRS1040NRScheduleNEC"/>
		<Document documentName="IRS1040NRScheduleP"/>
		<Document documentName="IRS1065ScheduleK2"/>
		<Document documentName="IRS1065ScheduleK3"/>
		<Document documentName="IRS1116ScheduleB"/>
		<Document documentName="IRS1116ScheduleC"/>
		<Document documentName="IRS1118"/>
		<Document documentName="IRS1118AMT"/>
		<Document documentName="IRS1118ScheduleI"/>
		<Document documentName="IRS1118ScheduleJ"/>
		<Document documentName="IRS1118ScheduleK"/>
		<Document documentName="IRS1118ScheduleL"/>
		<Document documentName="IRS1120SScheduleK2"/>
		<Document documentName="IRS1120SScheduleK3"/>
		<Document documentName="IRS3800"/>
		<Document documentName="IRS4626"/>
		<Document documentName="IRS4626ScheduleA"/>
		<Document documentName="IRS499W2PR"/>
		<Document documentName="IRS5471ScheduleE"/>
		<Document documentName="IRS5471ScheduleJ"/>
		<Document documentName="IRS5471ScheduleP"/>
		<Document documentName="IRS5471ScheduleQ"/>
		<Document documentName="IRS709"/>
		<Document documentName="IRS709NA"/>
		<Document documentName="IRS7218"/>
		<Document documentName="IRS8865ScheduleG"/>
		<Document documentName="IRS8865ScheduleK2"/>
		<Document documentName="IRS8865ScheduleK3"/>
		<Document documentName="IRS8975"/>
		<Document documentName="IRS8975ScheduleA"/>
		<Document documentName="IRS8990"/>
		<Document documentName="IRS8992ScheduleA"/>
		<Document documentName="IRS8992ScheduleB"/>
		<Document documentName="IRS8996"/>
		<Document documentName="IRS940ScheduleR"/>
		<Document documentName="IRS941ScheduleR"/>
		<Document documentName="IRS943ScheduleR"/>
		<Document documentName="IRS965A"/>
		<Document documentName="IRS965B"/>
		<Document documentName="IRS965ScheduleA"/>
		<Document documentName="IRS965ScheduleB"/>
		<Document documentName="IRS965ScheduleC"/>
		<Document documentName="IRS965ScheduleD"/>
		<Document documentName="IRS965ScheduleE"/>
		<Document documentName="IRS965ScheduleF"/>
		<Document documentName="IRS965ScheduleG"/>
		<Document documentName="IRS990ScheduleF"/>
		<Document documentName="IRS990ScheduleI"/>
		<Document documentName="IRS990ScheduleJ"/>
		<Document documentName="IRS990ScheduleK"/>
		<Document documentName="IRS990ScheduleN"/>
		<Document documentName="IRS990ScheduleR"/>
		<Document documentName="ItemizedNOLDeductionsSchedule"/>
		<Document documentName="ItemizedOtherDeductionSchedule"/>
		<Document documentName="ItemizedOtherIncomeSchedule"/>
		<Document documentName="ItemizedOtherInterbrnchLiabSch"/>
		<Document documentName="ItemizedOtherThirdPartyLiabSch"/>
		<Document documentName="ItemizedTotalForeignTaxesSch"/>
		<Document documentName="ItemRelatingReportableTransSch"/>
		<Document documentName="ItmzInterbranchCurrentAstSch"/>
		<Document documentName="ItmzLoanInvstNonUSAssetsSch"/>
		<Document documentName="ItmzOtherCurrentNonUSAstSch"/>
		<Document documentName="JointOccupancyStatement"/>
		<Document documentName="ListOfForeignCurContractsStmt"/>
		<Document documentName="MortgEtcPyblGT1Yr3rdPrtyLiabSc"/>
		<Document documentName="MortgEtcPyblGT1YrIntrbrLiabSch"/>
		<Document documentName="MortgEtcPyblLT1Yr3rdPrtyLiabSc"/>
		<Document documentName="MortgEtcPyblLT1YrIntrbrLiabSch"/>
		<Document documentName="MultipleBuildingProjectSch"/>
		<Document documentName="NonincludibleForeignEntitySch"/>
		<Document documentName="OtherAdjRqrReconcileAmtSch"/>
		<Document documentName="OtherAdjustmentsToReconcileSch"/>
		<Document documentName="OtherAmountsPaidStatement"/>
		<Document documentName="OtherAmountsReceivedStatement"/>
		<Document documentName="OtherNotesLoansRcvblLongSch"/>
		<Document documentName="OtherTaxAndInterestSchedule"/>
		<Document documentName="OthExpenseDedItemsWithDiffSch"/>
		<Document documentName="OthIncomeLossItemsWithDiffSch"/>
		<Document documentName="Owned10PctIntForeignPrtshpStmt"/>
		<Document documentName="OtherNonCurrentUSAssets"/>
		<Document documentName="PartialIntContributionStmt"/>
		<Document documentName="PartnershipInterestSchedule"/>
		<Document documentName="PassThroughEntitiesSchedule"/>
		<Document documentName="PassThroughEntitySchedule"/>
		<Document documentName="PersonMeetingFilingRqrStmt"/>
		<Document documentName="PremiumIncomeSchedule"/>
		<Document documentName="PresentAndProposedLIFOMthdStmt"/>
		<Document documentName="ProposedNaturalBusUnitStmt"/>
		<Document documentName="PrpsdChgPoolingInventoriesStmt"/>
		<Document documentName="QlfyCoreSecOrIncidlActySch"/>
		<Document documentName="QlfyReforestationCostsStmt"/>
		<Document documentName="QualifiedDerivativeDealerStmt"/>
		<Document documentName="ScheduleK1SupplementalInfoStmt"/>
		<Document documentName="SchedulesK2K31118ScheduleIStmt"/>
		<Document documentName="SchK11065MiscItemStmt"/>
		<Document documentName="SchK2K3AddnlDtPFICShrAcqStmt"/>
		<Document documentName="SchK2K3FrgnTaxTranslationStmt"/>
		<Document documentName="SchK2K3LoanTransactionsStmt"/>
		<Document documentName="SchK2K3NIIPTEPSch3And4Stmt"/>
		<Document documentName="SchK2K3OtherDeductionsStmt"/>
		<Document documentName="SchK2K3PersonalPropSoldStmt"/>
		<Document documentName="Section118ExclusionSchedule"/>
		<Document documentName="SecOrCommoditiesHeldByTrader"/>
		<Document documentName="SeparateShareRuleStatement"/>
		<Document documentName="ShareholdersStockOwnershipAtt"/>
		<Document documentName="ShareholderEDBalanceStatement"/>
		<Document documentName="ShareholdersStockOwnershipStmt"/>
		<Document documentName="ShortLongTermGainsSchedule"/>
		<Document documentName="ShortLongTermLossesSchedule"/>
		<Document documentName="StockOwnershipForeignCorpStmt"/>
		<Document documentName="SupplementalInfoStatement"/>
		<Document documentName="SupplementalSupportSchedule"/>
		<Document documentName="TotalForeignTaxesSch8865"/>
		<Document documentName="TotalTaxSchedule"/>
		<Document documentName="USDividendsSchedule"/>
		<Document documentName="USDivNotElimnatedTaxCnsldtSch"/>
		<Document documentName="VesselOrAircraftCharterInStmt"/>
		<Document documentName="VesselOrAircraftCharterOutStmt"/>
	</Landscape>
</PrintMode>