<?xml version="1.0" encoding="UTF-8"?>
<!-- edited with XML Spy v4.4 U (http://www.xmlspy.com) by Ken Dulabhan (Comteq Federal Inc) -->
<PrintMode>
	<!-- INSTRUCTIONS: Add the root element name of the schema for the landscape document in the following list. DO NOT add the value of the documentName attribute from the root element. -->
	<!-- Forms printed in landscape 11 x 8.5 -->
	<Landscape>
		<Document documentName="AddnlInfoGrossForeignDistriSch"/>
		<Document documentName="AddnlInfoGrossForeignDivSch"/>
		<Document documentName="AdjLTContractsSimplifiedSch"/>
		<Document documentName="AdjustmentLongTermContractsSch"/>
		<Document documentName="AltMinTxblIncmAdjSimplifiedSch"/>
		<Document documentName="AmortizationSchedule"/>
		<Document documentName="BorrowedFundsElection"/>
		<Document documentName="CharitableContriStatement"/>
		<Document documentName="CodeSectPropDeprecOrAmortzStmt"/>
		<Document documentName="CompensationSchedule"/>
		<Document documentName="ControlledEntitySchedule"/>
		<Document documentName="CostOfGoodsSoldSchedule"/>
		<Document documentName="CurrentYrAcqOrReorgCostSch"/>
		<Document documentName="DepreciationSchedule"/>
		<Document documentName="DiscountingUnpaidLossSchedule"/>
		<Document documentName="DisposOfPropWithSect179DedStmt"/>
		<Document documentName="DividendsDebtFinancedStockStmt"/>
		<Document documentName="EquityBasedCompensationSch"/>
		<Document documentName="EquityMethodOrMinorityIntSch"/>
		<Document documentName="ExpenditureResponsibilityStmt"/>
		<Document documentName="ForeignTaxSchedule"/>
		<Document documentName="FuncCurAndExchangeRateQBUStmt"/>
		<Document documentName="GainLossSaleNonpublicSecSch"/>
		<Document documentName="GainLossSaleOtherAssetsSch"/>
		<Document documentName="GeneralDependency"/>
		<Document documentName="GrossForeignDivOrDistriSch"/>
		<Document documentName="GrossForeignDivNotPrevTaxedSch"/>
		<Document documentName="GrossIncmSourcedAtPrtnrLvlSch"/>
		<Document documentName="IncmInclusionsOrGrossUpSectSch"/>
		<Document documentName="IRS1118"/>
		<Document documentName="IRS1118AMT"/>
		<Document documentName="IRS1118ScheduleI"/>
		<Document documentName="IRS1118ScheduleK"/>
		<Document documentName="IRS5471ScheduleJ"/>
		<Document documentName="IRS941ScheduleR"/>
		<Document documentName="IRS990ScheduleF"/>
		<Document documentName="IRS990ScheduleI"/>
		<Document documentName="IRS990ScheduleJ"/>
		<Document documentName="IRS990ScheduleK"/>
		<Document documentName="IRS990ScheduleN"/>
		<Document documentName="IRS990ScheduleR"/>
		<Document documentName="ItemizedNOLDeductionsSchedule"/>
		<Document documentName="ItemizedOtherDeductionSchedule"/>
		<Document documentName="ItemizedOtherIncomeSchedule"/>
		<Document documentName="ItemizedOtherInterbrnchLiabSch"/>
		<Document documentName="ItemizedOtherThirdPartyLiabSch"/>
		<Document documentName="ItemRelatingReportableTransSch"/>
		<Document documentName="ItmzInterbranchCurrentAstSch"/>
		<Document documentName="ItmzLoanInvstNonUSAssetsSch"/>
		<Document documentName="ItmzOtherCurrentNonUSAstSch"/>
		<Document documentName="ListOfForeignCurContractsStmt"/>
		<Document documentName="MortgEtcPyblGT1Yr3rdPrtyLiabSc"/>
		<Document documentName="MortgEtcPyblGT1YrIntrbrLiabSch"/>
		<Document documentName="MortgEtcPyblLT1Yr3rdPrtyLiabSc"/>
		<Document documentName="MortgEtcPyblLT1YrIntrbrLiabSch"/>
		<Document documentName="MultipleBuildingProjectSch"/>
		<Document documentName="OtherAdjRqrReconcileAmtSch"/>
		<Document documentName="OtherAdjustmentsToReconcileSch"/>
		<Document documentName="OtherNotesLoansRcvblLongSch"/>
		<Document documentName="OtherTaxAndInterestSchedule"/>
		<Document documentName="OthExpenseDedItemsWithDiffSch"/>
		<Document documentName="Owned10PctIntForeignPrtshpStmt"/>
		<Document documentName="OtherNonCurrentUSAssets"/>
		<Document documentName="PartialIntContributionStmt"/>
		<Document documentName="PartnershipInterestSchedule"/>
		<Document documentName="PassThroughEntitiesSchedule"/>
		<Document documentName="PassThroughEntitySchedule"/>
		<Document documentName="PersonMeetingFilingRqrStmt"/>
		<Document documentName="PremiumIncomeSchedule"/>
		<Document documentName="PresentAndProposedLIFOMthdStmt"/>
		<Document documentName="ProposedNaturalBusUnitStmt"/>
		<Document documentName="PrpsdChgPoolingInventoriesStmt"/>
		<Document documentName="QlfyReforestationCostsStmt"/>
		<Document documentName="ScheduleK1SupplementalInfoStmt"/>
		<Document documentName="Section118ExclusionSchedule"/>		
		<Document documentName="SecOrCommoditiesHeldByTrader"/>
		<Document documentName="ShareholdersStockOwnershipAtt"/>
		<Document documentName="ShareholdersStockOwnershipStmt"/>
		<Document documentName="ShortLongTermGainsSchedule"/>
		<Document documentName="ShortLongTermLossesSchedule"/>
		<Document documentName="StockOwnershipForeignCorpStmt"/>
		<Document documentName="SupplementalInfoStatement"/>
		<Document documentName="SupplementalSupportSchedule"/>
		<Document documentName="TotalForeignTaxesSch8865"/>
		<Document documentName="TotalTaxSchedule"/>
		<Document documentName="USDividendsSchedule"/>
		<Document documentName="USDivNotElimnatedTaxCnsldtSch"/>
	</Landscape>
</PrintMode>
